username,user id,access hash,name,group,group id
,5528414877,8698344437245916259,Carmon Hines,Probando Topics en Telegram,1864267947
,5789786681,168927745166147868,Iva Ruiz,Probando Topics en Telegram,1864267947
,5595012938,-4186234615795017693,Agnes Shaw,Probando Topics en Telegram,1864267947
,5415892034,6639172361973338962,Gabriela Herring,Probando Topics en Telegram,1864267947
,5617434260,2042217736612970633,Alma Lara,Probando Topics en Telegram,1864267947
,5631629107,-7905752990941731907,Sherron Richmond,Probando Topics en Telegram,1864267947
,5666933935,513605907355464706,Jacklyn George,Probando Topics en Telegram,1864267947
,5766853744,-7686844221953131692,Hui Hammond,Probando Topics en Telegram,1864267947
,5647888628,-571984471690168958,Shari Brock,Probando Topics en Telegram,1864267947
,5650730073,3884396561366691608,Anthony Pham,Probando Topics en Telegram,1864267947
,5753249235,-7692623454994644025,Monica Frazier,Probando Topics en Telegram,1864267947
,5448131896,-5702648502936537071,Lucienne Marshall,Probando Topics en Telegram,1864267947
,5623548503,-2489338450782838537,Love Doyle,Probando Topics en Telegram,1864267947
,5691216559,1516415851047286226,Adela Herman,Probando Topics en Telegram,1864267947
,5516952431,5728349472720529673,Trang Aguirre,Probando Topics en Telegram,1864267947
,5672986537,-7204164496980259458,Darnell Burke,Probando Topics en Telegram,1864267947
,5739649836,-7427760515475669435,Lucille Avila,Probando Topics en Telegram,1864267947
,5598061983,-6383270093249945222,Latricia Alvarez,Probando Topics en Telegram,1864267947
,5657962709,-675578372046417631,Thersa Odom,Probando Topics en Telegram,1864267947
,5684027496,-4066097483408951186,Katlyn Fernandez,Probando Topics en Telegram,1864267947
,5464234489,-8575284921828430112,Annice Lloyd,Probando Topics en Telegram,1864267947
,5690566741,-1607252913274731945,Hellen Hoover,Probando Topics en Telegram,1864267947
,5597977493,4508826091038793365,Luci Rasmussen,Probando Topics en Telegram,1864267947
,5664657105,1399596682592488580,Donnette Arnold,Probando Topics en Telegram,1864267947
,5684439618,8785951107780900024,Sonja Ross,Probando Topics en Telegram,1864267947
,5666849275,1439818608657190136,Wendi Booth,Probando Topics en Telegram,1864267947
,5417213623,-1416286694590730107,Maryann Evans,Probando Topics en Telegram,1864267947
,5766232134,3434812091408131328,Gabriele Nichols,Probando Topics en Telegram,1864267947
,5781339439,-4805354333079594904,Marisa Townsend,Probando Topics en Telegram,1864267947
,5770554481,-717441232048734579,Earline Davis,Probando Topics en Telegram,1864267947
,5321682476,2983844539490953530,Agnus Hodges,Probando Topics en Telegram,1864267947
,5754579836,5486225134033275306,Jestine Esparza,Probando Topics en Telegram,1864267947
,5790747942,-2694109755077260091,Rutha Burgess,Probando Topics en Telegram,1864267947
,5682705780,6253031569182415361,Krystin Lowe,Probando Topics en Telegram,1864267947
,5542212777,-6424923703431112782,Twila Rivera,Probando Topics en Telegram,1864267947
,5709071485,-4169589926278038020,Thomasine Russell,Probando Topics en Telegram,1864267947
,5750798996,-5448461718080979984,Brigette Harding,Probando Topics en Telegram,1864267947
,5722055254,3658699508196005614,Shawn Hinton,Probando Topics en Telegram,1864267947
,5775948674,7237657322396121481,Charlsie Hamilton,Probando Topics en Telegram,1864267947
,5655355091,-3715669444966428466,Genny Harper,Probando Topics en Telegram,1864267947
,5783803769,8416593889355638878,Breanna Costa,Probando Topics en Telegram,1864267947
,5719028306,663364501785058587,Lynetta Hull,Probando Topics en Telegram,1864267947
,5795617912,6429613430137182640,Michele Craig,Probando Topics en Telegram,1864267947
,5483548628,-8002458815973630042,Shirley Solis,Probando Topics en Telegram,1864267947
,5616960568,6589326463948381910,Serena Olson,Probando Topics en Telegram,1864267947
,5601753609,6242105537711922317,Danyelle Robbins,Probando Topics en Telegram,1864267947
,5739878499,-8971737696988321065,Dianna Crane,Probando Topics en Telegram,1864267947
,5556275347,-2206380339440544526,Adeline Pugh,Probando Topics en Telegram,1864267947
,5792017250,6111719420821654732,Nickole Good,Probando Topics en Telegram,1864267947
,5536798440,14728830623527263,Janessa Vaughn,Probando Topics en Telegram,1864267947
,5733078479,5008734659086316691,Ching Frey,Probando Topics en Telegram,1864267947
,5597499522,-20326781570415677,Brunilda Bates,Probando Topics en Telegram,1864267947
,5741714572,-7631293095837942614,Misty Calderon,Probando Topics en Telegram,1864267947
,5722456681,1560241133850443376,Lillian Garcia,Probando Topics en Telegram,1864267947
,5463159383,200319902624817381,Salome Acevedo,Probando Topics en Telegram,1864267947
,5414260306,-5480896557557280632,Angela Wells,Probando Topics en Telegram,1864267947
,5689797594,-2526324024880392937,Jenna Vazquez,Probando Topics en Telegram,1864267947
,5482459672,2182877166587666961,Tilda Parks,Probando Topics en Telegram,1864267947
,5684517650,6917722192246357395,Lydia Floyd,Probando Topics en Telegram,1864267947
,5677675859,-3239828886943480265,Sonya Rosales,Probando Topics en Telegram,1864267947
,5647209900,4997088100496346035,Janay Santos,Probando Topics en Telegram,1864267947
,5751180676,6401053341506767878,Etha Harper,Probando Topics en Telegram,1864267947
,5784683860,5347960638424275074,Jerrie Lambert,Probando Topics en Telegram,1864267947
,5600696784,1147118361988994896,Liane Murray,Probando Topics en Telegram,1864267947
,5654828960,753000884782047349,Lilia Robles,Probando Topics en Telegram,1864267947
,5663983633,3302357958399306273,Cecilia Allison,Probando Topics en Telegram,1864267947
,5107651145,-2921441663061020736,Deana Pugh,Probando Topics en Telegram,1864267947
,5550714997,6657887056960734967,Troy Kelley,Probando Topics en Telegram,1864267947
,5667275345,-1129693880775724673,Debora Rios,Probando Topics en Telegram,1864267947
,5465495011,-3870728574199221538,Valarie Benton,Probando Topics en Telegram,1864267947
,5359950684,4021034600639049536,Lea Holloway,Probando Topics en Telegram,1864267947
,5678058621,-4241073260070214407,Annmarie Benson,Probando Topics en Telegram,1864267947
,5751534318,-8644155375183934872,Kallie Landry,Probando Topics en Telegram,1864267947
,5716959206,-4834219994738675012,Liz Berry,Probando Topics en Telegram,1864267947
,5787252619,3415433721122667902,Enid Blankenship,Probando Topics en Telegram,1864267947
,5446812337,2673570179482559542,Lakenya Kirby,Probando Topics en Telegram,1864267947
,5617300794,5193811325692171397,Jillian Vaughn,Probando Topics en Telegram,1864267947
,5528994114,-7388555507946881635,Dorla Krause,Probando Topics en Telegram,1864267947
,5661479987,-4391699253979428187,Berneice Friedman,Probando Topics en Telegram,1864267947
,5794195748,-7454579755176589487,Hilary Flowers,Probando Topics en Telegram,1864267947
,5642390007,5866110982439733794,Lacey Massey,Probando Topics en Telegram,1864267947
,5746418281,-5958935393494851603,Kenyetta Nunez,Probando Topics en Telegram,1864267947
,5304860139,7528432268882825000,Olevia Grimes,Probando Topics en Telegram,1864267947
,5733317878,619498456751281666,Clementine Holden,Probando Topics en Telegram,1864267947
,5543385297,5297493877057019980,Chelsie Trevino,Probando Topics en Telegram,1864267947
,5350306393,3612632903249033684,Cristine Sexton,Probando Topics en Telegram,1864267947
,5785687115,-3764143176807479116,Cherly Colon,Probando Topics en Telegram,1864267947
,5771586996,9139930774079661572,Shari Humphrey,Probando Topics en Telegram,1864267947
,5639218202,-5631864649813784995,Cherise Bonilla,Probando Topics en Telegram,1864267947
,5711506269,4387288227179662305,George Hill,Probando Topics en Telegram,1864267947
,5615718983,8771524045415583339,Danelle Logan,Probando Topics en Telegram,1864267947
,5686864377,-4183143924588212753,Clara Young,Probando Topics en Telegram,1864267947
,5640170301,7911262816067880560,Sacha Mccarthy,Probando Topics en Telegram,1864267947
,5700203530,-8148846847018553722,Valentine Mckee,Probando Topics en Telegram,1864267947
,5682613949,4943565239550233169,Guadalupe Hawkins,Probando Topics en Telegram,1864267947
,5654416162,-3383984134365420833,Hildred Estes,Probando Topics en Telegram,1864267947
,5674304889,-3700635240077771513,Abby Terrell,Probando Topics en Telegram,1864267947
,5664711595,-3665490991679502221,Johnnie Mcguire,Probando Topics en Telegram,1864267947
,5765514873,2203561668989463940,Jamie Delgado,Probando Topics en Telegram,1864267947
,5684066942,-6411616088674300271,Kandra Sosa,Probando Topics en Telegram,1864267947
,5666163029,1022672838469287314,Noelia Jacobs,Probando Topics en Telegram,1864267947
,5773177185,-7881458008224000965,Mitzie Benton,Probando Topics en Telegram,1864267947
,5610488978,-2425515549308460005,Margret Powell,Probando Topics en Telegram,1864267947
,5767191849,2130099986239936054,Hertha Solomon,Probando Topics en Telegram,1864267947
,5595861443,9121335944103558799,Delia Hendrix,Probando Topics en Telegram,1864267947
,5794192753,-4092371095006153797,Christeen Vang,Probando Topics en Telegram,1864267947
,5709423259,3607905306978462041,Tess Brown,Probando Topics en Telegram,1864267947
,5768671390,3032315959777886566,Debbie Boyle,Probando Topics en Telegram,1864267947
,5609468679,3517602464047374195,Sumiko Murillo,Probando Topics en Telegram,1864267947
,5641856606,-3638621706634429716,Aracelis Brewer,Probando Topics en Telegram,1864267947
,5563967480,-9131926974277010710,Brittni Malone,Probando Topics en Telegram,1864267947
,5719632946,-3731212675358632132,Maurine Best,Probando Topics en Telegram,1864267947
,5398396696,-5745014715471327421,Donnie Farmer,Probando Topics en Telegram,1864267947
,5642461942,-2736169277166310832,Debbie Casey,Probando Topics en Telegram,1864267947
,5419403986,-3744841979382052697,Frieda Gallegos,Probando Topics en Telegram,1864267947
,5697676374,-1084925162963899196,Ona Rosario,Probando Topics en Telegram,1864267947
,5580779895,5832809241065485859,Olene Wilkinson,Probando Topics en Telegram,1864267947
,5639270452,2677165298228026839,Annett Mercado,Probando Topics en Telegram,1864267947
,5737951914,4020158660077743752,Drusilla Jarvis,Probando Topics en Telegram,1864267947
,5767650831,101004172254844475,Marge Mcclain,Probando Topics en Telegram,1864267947
,5424853610,277822535188484460,Olympia Chung,Probando Topics en Telegram,1864267947
,5738176163,5747110822082510362,Nisha Robles,Probando Topics en Telegram,1864267947
,5564694771,-8295521758530995936,Marlyn Sampson,Probando Topics en Telegram,1864267947
,5787212057,2225233008292580008,Ruthie Krueger,Probando Topics en Telegram,1864267947
,5634286329,-7797418655072844323,Christy Sanders,Probando Topics en Telegram,1864267947
,5654266873,6048850981317536390,Roxanna Finley,Probando Topics en Telegram,1864267947
,5605818319,7974093944145070945,Belen Miles,Probando Topics en Telegram,1864267947
,5717018832,-8461971187712575813,Jannie Sloan,Probando Topics en Telegram,1864267947
,5675869357,-7776629303392241346,Paulette Harrington,Probando Topics en Telegram,1864267947
,5473913987,2466363760343303797,Valorie Owen,Probando Topics en Telegram,1864267947
,5197553539,1920463595269178040,ErdoÄŸan1,Probando Topics en Telegram,1864267947
,5738584798,2491188116983191543,Idalia Fisher,Probando Topics en Telegram,1864267947
,5770755409,7932793253537686929,Coletta Wright,Probando Topics en Telegram,1864267947
,5601469082,-4409502722176582328,Pam Estrada,Probando Topics en Telegram,1864267947
,1283424806,3803497717492823493,EGOIST,Probando Topics en Telegram,1864267947
,5613206005,8144666461832083489,Beverly Mcpherson,Probando Topics en Telegram,1864267947
,5778251565,-7148434467713678775,Erinn Johnson,Probando Topics en Telegram,1864267947
,5671222548,-5910995875818196651,Keturah Mora,Probando Topics en Telegram,1864267947
,5693533006,-8262853311974371633,Bernardine Lambert,Probando Topics en Telegram,1864267947
,5706563286,7357469542416355657,Porsche Gilbert,Probando Topics en Telegram,1864267947
,5462618069,8503621694305290905,Dottie Cruz,Probando Topics en Telegram,1864267947
,5798802361,5023941846296895268,Stella Woods,Probando Topics en Telegram,1864267947
,5320901793,-2812354862739041237,Minnie Brock,Probando Topics en Telegram,1864267947
